<?xml version="1.0" encoding="UTF-8"?>
<rss version="2.0" xmlns:atom="http://www.w3.org/2005/Atom">
  <channel>
    <title>Actualités Clubic Pro</title>
    <description>Flux RSS Clubic Pro</description>
    <lastBuildDate>Mon, 12 Mar 2018 08:29:14 +0100</lastBuildDate>
    <link>http://clubic.com/</link>
    <atom:link href="http://www.clubic.com/pro/actualites.rss" rel="self" type="application/rss+xml"/>
    <language>fr</language>
    <item>
      <title>Alexa sait désormais trouver des chansons selon votre humeur</title>
      <description>Une intelligence artificielle &amp;agrave; qui vous pouvez demander de vous passer une musique « entraînante que j'ai écoutée hier soir » ou au contraire une chanson « triste que je n'ai pas entendue depu [...]</description>
      <pubDate>Fri, 09 Mar 2018 16:30:00 +0100</pubDate>
      <link>http://www.clubic.com/pro/entreprises/amazon/actualite-842840-alexa-trouver-chansons-humeur.html</link>
      <guid isPermaLink="false">842840</guid>
    </item>
    <item>
      <title>Amazon vs Google : les produits Nest ne seront plus vendus</title>
      <description>La guerre opposant Amazon et Google pour la domination de l'Internet continue. Après le conflit entre les géants concernant la vente et la distribution des clés HDMI de Google (Chromecast) et d'Apple  [...]</description>
      <pubDate>Mon, 05 Mar 2018 09:13:32 +0100</pubDate>
      <link>http://www.clubic.com/pro/entreprises/amazon/actualite-842795-amazon-vs-google-produits-nest-vendus.html</link>
      <guid isPermaLink="false">842795</guid>
    </item>
    <item>
      <title>Amazon vs Google : les produits Nest ne seront plus vendus</title>
      <description>La guerre opposant Amazon et Google pour la domination de l'Internet continue. Après le conflit entre les géants concernant la vente et la distribution des clés HDMI de Google (Chromecast) et d'Apple  [...]</description>
      <pubDate>Mon, 05 Mar 2018 09:13:32 +0100</pubDate>
      <link>http://www.clubic.com/pro/entreprises/amazon/actualite-842795-amazon-vs-google-produits-nest-vendus.html</link>
      <guid isPermaLink="false">842795</guid>
    </item>
    <item>
      <title>La 4G sur la Lune dès l'an prochain</title>
      <description>50 ans pile après Apollo 11, et les premiers pas de l'Homme sur la Lune (c'était le 20 juillet 1969), le satellite terrestre sera couvert en 2019 par un réseau 4G complet. Le chantier sera piloté par  [...]</description>
      <pubDate>Sun, 04 Mar 2018 15:23:02 +0100</pubDate>
      <link>http://www.clubic.com/pro/entreprises/nokia/actualite-842774-4g-lune-an-prochain.html</link>
      <guid isPermaLink="false">842774</guid>
    </item>
    <item>
      <title>Canon introduit une dose d'IA dans son dernier flash</title>
      <description>En marge du Mobile World Congress de Barcelone, le fabricant de boîtiers photos numériques présente le Speedlite 470EX-AI, un flash équipé d'une nouvelle fonction baptisée AI Bounce qui oriente automa [...]</description>
      <pubDate>Sat, 03 Mar 2018 09:21:43 +0100</pubDate>
      <link>http://www.clubic.com/pro/entreprises/canon/actualite-842769-canon-introduit-dose-ia-dernier-flash.html</link>
      <guid isPermaLink="false">842769</guid>
    </item>
    <item>
      <title>64 % des produits Apple vendus sont toujours utilisés</title>
      <description>En rompant avec la tradition de mesurer les succès de sa firme par le nombre d'unités écoulées, Tim Cook, le PDG d'Apple, a commencé la présentation des résultats du 4e trimestre 2017 par annoncer le  [...]</description>
      <pubDate>Thu, 01 Mar 2018 15:50:54 +0100</pubDate>
      <link>http://www.clubic.com/pro/entreprises/apple/actualite-842783-64-produits-apple-vendus-utilises.html</link>
      <guid isPermaLink="false">842783</guid>
    </item>
    <item>
      <title>La reconnaissance faciale arrive sur Facebook</title>
      <description>Introduite auprès des usagers américains en 2016, la reconnaissance faciale va être déployée progressivement en Europe &amp;agrave; partir de la semaine prochaine. Elle demeurera une option qu'il sera pos [...]</description>
      <pubDate>Thu, 01 Mar 2018 10:45:43 +0100</pubDate>
      <link>http://www.clubic.com/pro/blog-forum-reseaux-sociaux/facebook/actualite-842779-reconnaissance-faciale-facebook.html</link>
      <guid isPermaLink="false">842779</guid>
    </item>
    <item>
      <title>Amazon Echo diffuse des chansons obscènes</title>
      <description>L'enceinte intelligente Amazon Echo n'est peut-être pas si intelligente finalement. Sur Twitter et Facebook, des parents mécontents se plaignent de ses choix musicaux, pouvant être inappropriés pour l [...]</description>
      <pubDate>Wed, 28 Feb 2018 16:52:47 +0100</pubDate>
      <link>http://www.clubic.com/pro/entreprises/amazon/actualite-842776-amazon-echo-diffuse-chansons-inappropriees-obscene.html</link>
      <guid isPermaLink="false">842776</guid>
    </item>
    <item>
      <title>Huawei : des news du P20, la 5G pour 2019</title>
      <description>Le constructeur chinois la joue petit bras cette année &amp;agrave; Barcelone, mais c'est dans le but de se réserver pour la France. Huawei a choisi Paris pour dévoiler au monde le successeur du P10.  Et  [...]</description>
      <pubDate>Wed, 28 Feb 2018 10:42:41 +0100</pubDate>
      <link>http://www.clubic.com/pro/entreprises/huawei/actualite-842771-huawei-news-p20-5g-2019.html</link>
      <guid isPermaLink="false">842771</guid>
    </item>
    <item>
      <title>Droit à l'oubli : 1 demande sur 5 vient de France</title>
      <description>Décidément, les Français sont les champions du « droit &amp;agrave; l'oubli » ! Selon une étude de Google dédiée &amp;agrave; ce sujet, 20,4 % des demandes de déréférencement comptabilisées dans l'Union europ [...]</description>
      <pubDate>Tue, 27 Feb 2018 16:13:42 +0100</pubDate>
      <link>http://www.clubic.com/pro/legislation-loi-internet/actualite-842767-droit-oubli-tendances-france.html</link>
      <guid isPermaLink="false">842767</guid>
    </item>
    <item>
      <title>Samsung : l'enceinte connectée Bixby bientôt disponible</title>
      <description>Dans une interview au Wall Street Journal, DJ Koh, président des activités mobiles de Samsung, a confirmé la disponibilité de son enceinte connectée Bixby, en cours de développement, pour la seconde m [...]</description>
      <pubDate>Tue, 27 Feb 2018 14:22:19 +0100</pubDate>
      <link>http://www.clubic.com/pro/entreprises/samsung/actualite-842765-samsung-enceinte-connectee-bixby-disponible.html</link>
      <guid isPermaLink="false">842765</guid>
    </item>
    <item>
      <title>Samsung : une appli pour mesurer votre niveau de stress</title>
      <description> Le géant sud-coréen s'est associé &amp;agrave; l'université de San Francisco pour développer une application qui permet de mesurer les variations de votre niveau de stress et d'anxiété au fil de la journ [...]</description>
      <pubDate>Tue, 27 Feb 2018 09:48:25 +0100</pubDate>
      <link>http://www.clubic.com/pro/entreprises/samsung/actualite-842763-samsung-appli-mesurer-niveau-stress.html</link>
      <guid isPermaLink="false">842763</guid>
    </item>
    <item>
      <title>Apple se préparerait à lancer un nouveau casque</title>
      <description>L'analyste coréen Ming-Chi Kuo de KGI Securities se trompe rarement. Cette fois-ci, il prédit le lancement par Apple d'un nouveau casque, d'ici le quatrième trimestre 2018.



Ce nouveau casque devrai [...]</description>
      <pubDate>Mon, 26 Feb 2018 18:43:05 +0100</pubDate>
      <link>http://www.clubic.com/pro/entreprises/apple/actualite-842761-apple-preparerait-lancer-casque.html</link>
      <guid isPermaLink="false">842761</guid>
    </item>
    <item>
      <title>Une IA vous résume les CGU illisibles</title>
      <description>Une équipe de chercheurs a développé une intelligence artificielle capable de lire en trente secondes et de vous pondre un résumé lisible des CGU, les conditions générales d'utilisation que l'on est o [...]</description>
      <pubDate>Sat, 24 Feb 2018 09:47:35 +0100</pubDate>
      <link>http://www.clubic.com/pro/legislation-loi-internet/donnees-personnelles/actualite-842731-ia-resume-cgu-illisibles.html</link>
      <guid isPermaLink="false">842731</guid>
    </item>
    <item>
      <title>Intel lance sa deuxième version du patch pour la faille Spectre</title>
      <description>Découvertes en 2017 et rendues publiques début 2018, les failles Spectre et Meltdown n'ont, &amp;agrave; ce jour, pas été utilisées pour des attaques selon les spécialistes en sécurité informatique. Mais  [...]</description>
      <pubDate>Thu, 22 Feb 2018 09:25:26 +0100</pubDate>
      <link>http://www.clubic.com/processeur/processeur-intel/actualite-842729-intel-deuxieme-patch-faille-spectre.html</link>
      <guid isPermaLink="false">842729</guid>
    </item>
    <item>
      <title>MWC : Samsung permettra de manipuler son S9 en réalité augmentée</title>
      <description>Au Mobile World Congress qui démarre ce week-end &amp;agrave; Barcelone, Samsung dévoilera son Galaxy S9. Il reste très peu de mystère autour de l'un des smartphones les plus leakés de sa génération. Dern [...]</description>
      <pubDate>Wed, 21 Feb 2018 10:25:09 +0100</pubDate>
      <link>http://www.clubic.com/pro/entreprises/samsung/actualite-842720-samsung-permettra-manipuler-s9-realite-augmentee.html</link>
      <guid isPermaLink="false">842720</guid>
    </item>
    <item>
      <title>Le successeur du LG G6 s'appellera Judy</title>
      <description>Présent au Mobile World Congress qui démarre la semaine prochaine &amp;agrave; Barcelone, LG y présentera son nouveau V30s. Mais un autre modèle est en préparation chez LG : le Judy arrivera en juin, et i [...]</description>
      <pubDate>Mon, 19 Feb 2018 11:47:51 +0100</pubDate>
      <link>http://www.clubic.com/pro/entreprises/lg/actualite-842697-successeur-lg-g6-appellera-judy.html</link>
      <guid isPermaLink="false">842697</guid>
    </item>
    <item>
      <title>Mystère chez Amazon : mais qui envoie des sextoys à des inconnus ?</title>
      <description>Dans les méandres du géant américain du e-commerce Amazon, un mystère se joue en ce début d'année 2018 : celui des sextoys envoyés &amp;agrave; des inconnus par des inconnus. Et si recevoir un colis Amaz [...]</description>
      <pubDate>Mon, 19 Feb 2018 10:30:03 +0100</pubDate>
      <link>http://www.clubic.com/pro/entreprises/amazon/actualite-842695-mystere-amazon-envoie-sextoys-inconnus.html</link>
      <guid isPermaLink="false">842695</guid>
    </item>
    <item>
      <title>Le HomePod laisse des traces sur les meubles</title>
      <description>Le HomePod, l'enceinte intelligente d'Apple, a beau offrir la meilleure qualité de son parmi les produits de sa catégorie, les consommateurs risquent d'avoir une fâcheuse surprise. En cause : les trac [...]</description>
      <pubDate>Thu, 15 Feb 2018 18:06:32 +0100</pubDate>
      <link>http://www.clubic.com/pro/entreprises/apple/actualite-842676-homepod-traces-meubles.html</link>
      <guid isPermaLink="false">842676</guid>
    </item>
    <item>
      <title>Google veut rendre les emails plus interactifs grâce à l'AMP </title>
      <description>Déj&amp;agrave; employé pour accélérer l'affichage des posts et articles de presse sur mobile, Google veut élargir son standard d'optimisation d'affichage AMP (Accelerated Mobile Pages) aux emails, pour l [...]</description>
      <pubDate>Wed, 14 Feb 2018 13:34:56 +0100</pubDate>
      <link>http://www.clubic.com/pro/entreprises/google/actualite-842662-google-emails-interactifs-amp.html</link>
      <guid isPermaLink="false">842662</guid>
    </item>
  </channel>
</rss>
